concept_id,concept,aliases,short_def,primary_item_id,source_ref
C001,DIKW 피라미드,"DIKW,데이터-정보-지식-지혜",데이터에서 정보·지식·지혜로 이어지는 가치 단계 모형,ADSP-1-1,교재 PDF p.12
C002,데이터베이스의 정의,"DB,데이터베이스 개념",여러 사람이 공유해 사용할 목적으로 통합·저장·관리되는 데이터의 집합,ADSP-1-1,교재 PDF p.18
C003,DBMS,"데이터베이스 관리시스템,Database Management System",데이터베이스를 정의·조작·제어하는 소프트웨어,ADSP-1-1,교재 PDF p.20
C004,데이터웨어하우스,"DW,Data Warehouse",의사결정 지원을 위해 주제 중심으로 통합·축적한 데이터 저장소,ADSP-1-1,교재 PDF p.24
C005,데이터마트,"DM,Data Mart",특정 부서·주제 단위로 한정한 데이터웨어하우스의 부분집합,ADSP-3-1,교재 PDF p.26
C006,OLAP,"온라인 분석 처리,Online Analytical Processing",다차원 데이터를 다양한 관점으로 집계·분석하는 처리 방식,ADSP-1-1,교재 PDF p.28
C007,빅데이터 3V,"3V,Volume Variety Velocity",빅데이터를 규모·다양성·속도의 세 축으로 설명하는 관점,ADSP-1-2,교재 PDF p.33
C008,정형·반정형·비정형 데이터,"구조화 데이터,비구조화 데이터",구조의 유무와 정도에 따른 데이터 유형 구분,ADSP-1-1,교재 PDF p.16
C009,데이터 사이언티스트 역량,"데이터 사이언티스트,하드스킬 소프트스킬",분석 기술과 통찰·소통 능력을 함께 요구하는 역량 구성,ADSP-1-3,교재 PDF p.44
C010,데이터 거버넌스,"데이터 관리체계",데이터 품질·표준·보안을 조직 차원에서 관리하는 체계,ADSP-2-1,교재 PDF p.58
C011,분석 마스터 플랜,"마스터플랜,분석 과제 우선순위",분석 과제를 우선순위와 로드맵으로 정리한 중장기 계획,ADSP-2-2,교재 PDF p.66
C012,정형 데이터 마이닝,"데이터마이닝,분류 군집 연관규칙",대량의 정형 데이터에서 규칙·패턴을 찾아내는 분석 기법,ADSP-3-3,교재 PDF p.120
